STATION,DATE,LATITUDE,LONGITUDE,ELEVATION,NAME,TEMP,TEMP_ATTRIBUTES,DEWP,DEWP_ATTRIBUTES,SLP,SLP_ATTRIBUTES,STP,STP_ATTRIBUTES,VISIB,VISIB_ATTRIBUTES,WDSP,WDSP_ATTRIBUTES,MXSPD,GUST,MAX,MAX_ATTRIBUTES,MIN,MIN_ATTRIBUTES,PRCP,PRCP_ATTRIBUTES,SNDP,FRSHTT
12300099999,2020-01-01,52.75,15.2833333,73.0,"GORZOW WLKP, PL",33.7,24,32.2,24,1032.2,24,22.7,24,5.6,24,4.8,24,7.8,999.9,42.3, ,28.0,*,0.0,F,999.9,100000
12300099999,2020-01-02,52.75,15.2833333,73.0,"GORZOW WLKP, PL",31.0,24,27.4,24,1026.6,24,17.1,24,4.0,24,4.1,24,5.8,999.9,39.6, ,25.9, ,0.0,F,999.9,100000
12300099999,2020-01-03,52.75,15.2833333,73.0,"GORZOW WLKP, PL",38.0,24,35.6,24,1017.4,24,8.2,24,11.1,24,5.7,24,9.7,999.9,43.5,*,30.4, ,0.01,F,999.9,10000
12300099999,2020-01-04,52.75,15.2833333,73.0,"GORZOW WLKP, PL",38.6,24,34.5,24,1017.3,24,8.0,24,20.7,24,10.3,24,13.6,999.9,43.9, ,36.3,*,0.2,G,999.9,10000
12300099999,2020-01-05,52.75,15.2833333,73.0,"GORZOW WLKP, PL",33.4,24,29.8,24,1031.3,24,21.8,24,14.7,24,6.1,24,9.7,31.1,38.1, ,30.4, ,0.17,G,999.9,0
12300099999,2020-01-06,52.75,15.2833333,73.0,"GORZOW WLKP, PL",36.8,24,34.8,24,1027.1,24,17.7,24,8.2,24,4.9,24,7.8,999.9,40.8, ,30.6, ,0.0,G,999.9,10000
12300099999,2020-01-07,52.75,15.2833333,73.0,"GORZOW WLKP, PL",35.2,24,33.5,24,1024.6,24,15.2,24,5.1,24,3.6,24,5.8,999.9,38.1,*,29.5, ,0.0,G,999.9,10000
12300099999,2020-01-08,52.75,15.2833333,73.0,"GORZOW WLKP, PL",40.5,24,38.7,24,1023.0,24,13.7,24,8.6,24,5.4,24,7.8,999.9,43.7,*,35.2, ,0.0,G,999.9,10000
12300099999,2020-01-09,52.75,15.2833333,73.0,"GORZOW WLKP, PL",45.5,24,44.8,24,1017.5,24,8.3,24,3.5,24,4.0,24,5.8,999.9,47.7,*,42.6, ,0.01,G,999.9,110000
12300099999,2020-01-10,52.75,15.2833333,73.0,"GORZOW WLKP, PL",47.9,24,46.0,24,1013.8,24,4.8,24,12.0,24,6.0,24,9.7,999.9,49.8, ,45.0,*,0.18,G,999.9,110000
12300099999,2020-01-11,52.75,15.2833333,73.0,"GORZOW WLKP, PL",38.4,21,36.7,21,1027.7,21,18.4,21,10.9,21,5.4,21,11.7,999.9,46.8, ,33.3,*,0.11,G,999.9,10000
12300099999,2020-01-12,52.75,15.2833333,73.0,"GORZOW WLKP, PL",36.6,23,31.9,23,1021.1,23,11.8,23,18.9,23,6.8,23,9.7,999.9,40.8, ,30.7, ,0.0,G,999.9,10000
12300099999,2020-01-13,52.75,15.2833333,73.0,"GORZOW WLKP, PL",41.6,22,37.6,22,1019.8,22,10.6,22,15.2,22,5.7,22,7.8,999.9,45.7, ,35.8,*,0.0,G,999.9,10000
12300099999,2020-01-14,52.75,15.2833333,73.0,"GORZOW WLKP, PL",41.8,23,34.7,23,1013.2,23,4.1,23,17.5,23,5.7,23,9.7,999.9,48.9, ,33.6, ,0.0,F,999.9,10000
12300099999,2020-01-15,52.75,15.2833333,73.0,"GORZOW WLKP, PL",45.6,24,33.8,24,1015.7,24,6.5,24,24.9,24,6.0,24,7.8,999.9,53.6, ,38.1,*,0.0,G,999.9,0
12300099999,2020-01-16,52.75,15.2833333,73.0,"GORZOW WLKP, PL",41.8,24,35.5,24,1027.6,24,18.3,24,19.0,24,4.3,24,5.8,999.9,49.1, ,36.7, ,0.0,F,999.9,0
12300099999,2020-01-17,52.75,15.2833333,73.0,"GORZOW WLKP, PL",38.0,24,34.5,24,1021.9,24,12.6,24,5.8,24,4.7,24,7.8,999.9,45.0, ,33.4, ,0.0,F,999.9,0
12300099999,2020-01-18,52.75,15.2833333,73.0,"GORZOW WLKP, PL",38.6,24,35.5,24,1022.0,24,12.6,24,6.2,24,4.5,24,5.8,999.9,42.1, ,33.1, ,0.0,G,999.9,110000
12300099999,2020-01-19,52.75,15.2833333,73.0,"GORZOW WLKP, PL",37.0,24,34.0,24,1033.4,24,24.0,24,7.1,24,3.3,24,5.8,999.9,40.3, ,33.3, ,0.0,G,999.9,0
12300099999,2020-01-20,52.75,15.2833333,73.0,"GORZOW WLKP, PL",38.1,24,33.4,24,1044.5,24,34.9,24,12.8,24,4.9,24,7.8,999.9,42.8, ,35.1, ,0.0,F,999.9,0
12300099999,2020-01-21,52.75,15.2833333,73.0,"GORZOW WLKP, PL",36.1,24,30.6,24,1038.0,24,28.5,24,15.5,24,6.8,24,9.7,999.9,43.7, ,31.5, ,0.0,F,999.9,0
12300099999,2020-01-22,52.75,15.2833333,73.0,"GORZOW WLKP, PL",39.4,24,35.6,24,1030.3,24,20.9,24,14.2,24,6.7,24,9.7,999.9,42.6, ,34.2, ,0.0,G,999.9,10000
12300099999,2020-01-23,52.75,15.2833333,73.0,"GORZOW WLKP, PL",37.7,24,33.1,24,1031.8,24,22.3,24,11.8,24,4.1,24,7.8,999.9,42.4, ,33.6, ,0.0,G,999.9,0
12300099999,2020-01-24,52.75,15.2833333,73.0,"GORZOW WLKP, PL",32.9,24,29.2,24,1022.5,24,13.1,24,4.3,24,4.5,24,7.8,999.9,38.8, ,28.4, ,0.0,G,999.9,0
12300099999,2020-01-25,52.75,15.2833333,73.0,"GORZOW WLKP, PL",32.6,24,32.3,24,1021.4,24,11.9,24,1.0,24,6.2,24,7.8,999.9,34.0, ,31.5, ,0.0,G,999.9,110000
12300099999,2020-01-26,52.75,15.2833333,73.0,"GORZOW WLKP, PL",30.2,24,30.2,24,1019.5,24,10.1,24,0.5,24,3.7,24,5.8,999.9,33.3, ,29.3, ,0.02,G,999.9,110000
12300099999,2020-01-27,52.75,15.2833333,73.0,"GORZOW WLKP, PL",37.9,24,35.4,24,1011.3,24,2.0,24,5.7,24,3.6,24,5.8,999.9,47.1, ,30.0, ,0.0,G,999.9,110000
12300099999,2020-01-28,52.75,15.2833333,73.0,"GORZOW WLKP, PL",41.0,24,38.1,24,994.7,24,985.7,24,12.1,24,6.7,24,11.7,999.9,47.5, ,36.1, ,0.11,G,999.9,10000
12300099999,2020-01-29,52.75,15.2833333,73.0,"GORZOW WLKP, PL",38.2,24,34.7,24,999.5,24,990.4,24,11.4,24,9.3,24,11.7,999.9,41.5, ,34.3, ,0.56,G,999.9,10000
12300099999,2020-01-30,52.75,15.2833333,73.0,"GORZOW WLKP, PL",40.1,24,36.8,24,1005.8,24,996.7,24,15.9,24,7.1,24,9.7,999.9,43.5, ,36.3, ,0.05,G,999.9,10000
12300099999,2020-01-31,52.75,15.2833333,73.0,"GORZOW WLKP, PL",46.7,24,41.7,24,1001.8,24,992.9,24,16.2,24,8.4,24,13.6,999.9,50.2, ,40.3, ,0.28,G,999.9,10000
12300099999,2020-02-01,52.75,15.2833333,73.0,"GORZOW WLKP, PL",50.0,24,46.2,24,1001.7,24,992.7,24,17.7,24,6.3,24,11.7,999.9,54.5, ,44.8, ,0.07,G,999.9,10000
12300099999,2020-02-02,52.75,15.2833333,73.0,"GORZOW WLKP, PL",43.4,24,39.2,24,1004.0,24,994.9,24,13.6,24,7.1,24,9.7,999.9,51.4, ,41.2, ,0.29,G,999.9,10000
12300099999,2020-02-03,52.75,15.2833333,73.0,"GORZOW WLKP, PL",42.8,24,40.4,24,1005.9,24,996.9,24,9.8,24,5.0,24,7.8,999.9,46.6, ,39.7, ,0.17,G,999.9,10000
12300099999,2020-02-04,52.75,15.2833333,73.0,"GORZOW WLKP, PL",40.2,23,36.9,23,1003.9,23,994.8,23,9.9,23,6.7,23,11.7,999.9,45.3, ,36.0, ,0.1,G,999.9,11000
12300099999,2020-02-05,52.75,15.2833333,73.0,"GORZOW WLKP, PL",36.8,24,30.9,24,1026.4,24,17.0,24,25.4,24,7.4,24,9.7,999.9,41.4, ,34.0, ,0.12,G,999.9,10000
12300099999,2020-02-06,52.75,15.2833333,73.0,"GORZOW WLKP, PL",39.1,24,35.7,24,1025.9,24,16.6,24,10.7,24,7.5,24,9.7,999.9,41.2, ,33.8, ,0.0,G,999.9,10000
12300099999,2020-02-07,52.75,15.2833333,73.0,"GORZOW WLKP, PL",39.7,24,38.0,24,1029.3,24,19.9,24,5.7,24,4.3,24,5.8,999.9,42.4, ,36.3,*,0.03,G,999.9,10000
12300099999,2020-02-08,52.75,15.2833333,73.0,"GORZOW WLKP, PL",38.1,24,34.4,24,1025.1,24,15.7,24,7.7,24,4.4,24,5.8,999.9,47.7, ,34.0, ,0.0,G,999.9,100000
12300099999,2020-02-09,52.75,15.2833333,73.0,"GORZOW WLKP, PL",44.9,22,35.6,22,1010.2,22,1.1,22,12.5,22,7.8,22,13.6,999.9,52.2, ,33.8, ,0.0,F,999.9,10000
12300099999,2020-02-10,52.75,15.2833333,73.0,"GORZOW WLKP, PL",44.0,24,38.3,24,989.4,24,980.5,24,18.5,24,10.4,24,17.5,999.9,52.9, ,37.8,*,0.29,G,999.9,10000
12300099999,2020-02-11,52.75,15.2833333,73.0,"GORZOW WLKP, PL",40.2,24,31.7,24,994.1,24,985.0,24,27.4,24,11.1,24,15.5,999.9,43.0, ,36.9, ,0.2,G,999.9,10000
12300099999,2020-02-12,52.75,15.2833333,73.0,"GORZOW WLKP, PL",39.1,24,28.8,24,1005.3,24,996.1,24,23.4,24,11.6,24,15.5,999.9,42.4, ,35.6, ,0.0,G,999.9,11000
12300099999,2020-02-13,52.75,15.2833333,73.0,"GORZOW WLKP, PL",38.3,24,29.4,24,1010.5,24,1.3,24,18.6,24,7.2,24,11.7,999.9,43.9, ,33.3, ,0.0,G,999.9,10000
12300099999,2020-02-14,52.75,15.2833333,73.0,"GORZOW WLKP, PL",35.7,24,33.5,24,1015.8,24,6.5,24,6.2,24,3.4,22,5.8,999.9,40.6, ,28.8,*,0.07,G,999.9,110000
12300099999,2020-02-15,52.75,15.2833333,73.0,"GORZOW WLKP, PL",38.8,24,34.8,24,1022.3,24,13.0,24,8.9,24,4.7,24,7.8,999.9,48.7, ,28.4, ,0.0,G,999.9,100000
12300099999,2020-02-16,52.75,15.2833333,73.0,"GORZOW WLKP, PL",51.1,24,36.2,24,1008.9,24,999.9,24,24.2,24,8.0,24,9.7,999.9,59.5,*,41.2, ,0.08,F,999.9,10000
12300099999,2020-02-17,52.75,15.2833333,73.0,"GORZOW WLKP, PL",48.8,24,35.9,24,1011.2,24,2.2,24,29.5,24,7.7,24,17.5,999.9,62.2, ,41.9,*,0.0,F,999.9,10000
12300099999,2020-02-18,52.75,15.2833333,73.0,"GORZOW WLKP, PL",42.8,24,34.3,24,1016.4,24,7.2,24,21.8,24,8.6,24,15.5,999.9,47.7, ,39.2, ,0.0,G,999.9,10000
12300099999,2020-02-19,52.75,15.2833333,73.0,"GORZOW WLKP, PL",39.4,24,35.0,24,1013.3,24,4.1,24,20.1,24,6.1,24,7.8,999.9,43.3, ,36.3, ,0.02,G,999.9,10100
12300099999,2020-02-20,52.75,15.2833333,73.0,"GORZOW WLKP, PL",41.9,24,34.7,24,1017.2,24,8.0,24,14.2,24,5.7,24,9.7,999.9,47.7, ,36.5, ,0.28,G,999.9,10000
12300099999,2020-02-21,52.75,15.2833333,73.0,"GORZOW WLKP, PL",41.2,24,35.0,24,1017.6,24,8.4,24,15.9,24,8.5,24,13.6,999.9,45.5, ,38.3, ,0.19,G,999.9,10000
12300099999,2020-02-22,52.75,15.2833333,73.0,"GORZOW WLKP, PL",45.8,24,33.5,24,1014.8,24,5.6,24,22.6,24,9.6,24,15.5,999.9,51.6, ,38.3, ,0.0,G,999.9,10000
12300099999,2020-02-23,52.75,15.2833333,73.0,"GORZOW WLKP, PL",42.5,24,38.0,24,1007.2,24,998.1,24,12.8,24,7.6,23,13.6,999.9,51.3, ,38.8,*,0.11,G,999.9,10000
12300099999,2020-02-24,52.75,15.2833333,73.0,"GORZOW WLKP, PL",40.4,24,35.0,24,1012.5,24,3.3,24,16.2,24,7.7,24,11.7,999.9,44.6, ,37.0,*,0.37,G,999.9,10000
12300099999,2020-02-25,52.75,15.2833333,73.0,"GORZOW WLKP, PL",44.8,24,38.0,24,996.0,24,987.1,24,17.5,24,6.9,24,9.7,999.9,51.6, ,35.8,*,0.26,G,999.9,10000
12300099999,2020-02-26,52.75,15.2833333,73.0,"GORZOW WLKP, PL",37.1,24,34.2,24,993.9,24,984.8,24,11.8,24,5.1,24,7.8,999.9,43.3, ,34.9, ,0.07,G,999.9,10000
12300099999,2020-02-27,52.75,15.2833333,73.0,"GORZOW WLKP, PL",36.4,24,32.1,24,1000.9,24,991.7,24,18.3,24,5.2,22,9.7,999.9,41.5, ,34.7, ,0.02,G,999.9,11100
12300099999,2020-02-28,52.75,15.2833333,73.0,"GORZOW WLKP, PL",36.6,24,30.4,24,1010.1,24,0.9,24,13.6,24,6.2,24,11.7,999.9,44.2, ,30.7, ,0.02,G,999.9,10000
12300099999,2020-02-29,52.75,15.2833333,73.0,"GORZOW WLKP, PL",40.3,24,35.2,24,1000.1,24,991.1,24,13.7,24,5.7,24,7.8,999.9,46.6, ,32.4, ,0.0,G,999.9,10000
12300099999,2020-03-01,52.75,15.2833333,73.0,"GORZOW WLKP, PL",42.8,24,36.3,24,997.5,24,988.5,24,23.8,24,5.8,24,11.7,999.9,51.4, ,35.8,*,0.03,G,999.9,10000
12300099999,2020-03-02,52.75,15.2833333,73.0,"GORZOW WLKP, PL",40.0,24,37.4,24,995.1,24,986.1,24,17.0,24,3.4,23,5.8,999.9,45.9, ,35.2, ,0.1,G,999.9,10000
12300099999,2020-03-03,52.75,15.2833333,73.0,"GORZOW WLKP, PL",39.7,24,37.6,24,998.1,24,989.0,24,6.0,24,4.8,24,7.8,999.9,42.4, ,36.5, ,0.0,G,999.9,10000
12300099999,2020-03-04,52.75,15.2833333,73.0,"GORZOW WLKP, PL",38.0,24,34.1,24,1009.3,24,0.1,24,11.1,24,4.7,24,7.8,999.9,45.9, ,32.4, ,0.28,G,999.9,10100
12300099999,2020-03-05,52.75,15.2833333,73.0,"GORZOW WLKP, PL",39.5,24,32.9,24,1004.8,24,995.6,24,11.4,24,4.6,24,7.8,999.9,50.0, ,33.1, ,0.0,G,999.9,10000
12300099999,2020-03-06,52.75,15.2833333,73.0,"GORZOW WLKP, PL",39.9,24,36.3,24,995.4,24,986.4,24,5.9,24,5.3,24,7.8,999.9,42.8,*,36.1, ,0.0,G,999.9,10000
12300099999,2020-03-07,52.75,15.2833333,73.0,"GORZOW WLKP, PL",40.2,24,37.7,24,1009.2,24,0.1,24,7.7,24,7.4,24,9.7,999.9,43.0, ,37.2, ,0.15,G,999.9,10000
12300099999,2020-03-08,52.75,15.2833333,73.0,"GORZOW WLKP, PL",41.9,24,33.3,24,1016.7,24,7.5,24,15.0,24,4.3,24,7.8,999.9,51.6, ,30.7, ,0.02,G,999.9,100000
12300099999,2020-03-09,52.75,15.2833333,73.0,"GORZOW WLKP, PL",43.0,24,39.4,24,1011.5,24,2.4,24,9.9,24,3.9,24,5.8,999.9,46.4, ,39.9,*,0.0,G,999.9,10000
12300099999,2020-03-10,52.75,15.2833333,73.0,"GORZOW WLKP, PL",41.7,24,38.9,24,1006.7,24,997.6,24,9.3,24,6.8,24,13.6,999.9,48.6, ,33.3, ,0.06,G,999.9,110000
12300099999,2020-03-11,52.75,15.2833333,73.0,"GORZOW WLKP, PL",48.3,24,38.5,24,1006.4,24,997.4,24,17.5,24,8.5,24,15.5,23.3,54.7, ,40.5,*,0.36,G,999.9,10000
12300099999,2020-03-12,52.75,15.2833333,73.0,"GORZOW WLKP, PL",47.3,24,35.6,24,1004.9,24,995.9,24,24.5,24,9.1,24,17.5,27.2,56.5, ,36.3,*,0.08,G,999.9,10000
12300099999,2020-03-13,52.75,15.2833333,73.0,"GORZOW WLKP, PL",41.5,22,32.4,22,1009.9,22,0.8,22,28.4,22,8.7,22,11.7,19.4,47.7, ,34.7,*,0.0,G,999.9,10100
12300099999,2020-03-14,52.75,15.2833333,73.0,"GORZOW WLKP, PL",36.8,21,21.8,21,1024.3,21,14.9,21,26.6,21,4.0,21,5.8,999.9,44.6, ,30.7,*,0.0,E,999.9,0
12300099999,2020-03-15,52.75,15.2833333,73.0,"GORZOW WLKP, PL",40.0,24,20.0,24,1022.9,24,13.6,24,26.2,24,6.6,24,9.7,999.9,51.1, ,28.4, ,0.0,F,999.9,0
12300099999,2020-03-16,52.75,15.2833333,73.0,"GORZOW WLKP, PL",46.6,24,28.0,24,1020.0,24,10.9,24,24.3,24,4.8,24,5.8,999.9,58.3, ,35.2, ,0.0,I,999.9,0
12300099999,2020-03-17,52.75,15.2833333,73.0,"GORZOW WLKP, PL",47.8,24,38.3,24,1027.0,24,17.9,24,11.6,24,3.6,23,5.8,999.9,59.9, ,35.2, ,0.0,I,999.9,100000
12300099999,2020-03-18,52.75,15.2833333,73.0,"GORZOW WLKP, PL",51.0,24,38.5,24,1025.6,24,16.5,24,14.0,24,5.7,24,11.7,999.9,61.9, ,39.6, ,0.0,F,999.9,100000
12300099999,2020-03-19,52.75,15.2833333,73.0,"GORZOW WLKP, PL",48.0,24,40.6,24,1024.9,24,15.7,24,16.6,24,4.2,24,5.8,999.9,55.9, ,42.6,*,0.0,F,999.9,10000
12300099999,2020-03-20,52.75,15.2833333,73.0,"GORZOW WLKP, PL",43.8,24,33.8,24,1026.0,24,16.7,24,23.3,24,4.1,23,7.8,999.9,49.5, ,39.9, ,0.0,G,999.9,0
12300099999,2020-03-21,52.75,15.2833333,73.0,"GORZOW WLKP, PL",37.5,24,23.9,24,1031.0,24,21.6,24,31.1,24,7.7,24,11.7,999.9,44.2, ,30.6,*,0.0,F,999.9,0
12300099999,2020-03-22,52.75,15.2833333,73.0,"GORZOW WLKP, PL",33.7,24,14.3,24,1037.3,24,27.8,24,26.0,24,6.5,24,11.7,999.9,41.0, ,27.0, ,0.0,F,999.9,0
12300099999,2020-03-23,52.75,15.2833333,73.0,"GORZOW WLKP, PL",32.8,24,13.0,24,1040.5,24,30.9,24,28.0,24,4.9,24,7.8,999.9,41.9, ,22.5, ,0.0,F,999.9,0
12300099999,2020-03-24,52.75,15.2833333,73.0,"GORZOW WLKP, PL",34.6,24,12.8,24,1038.7,24,29.2,24,20.7,24,4.0,24,7.8,999.9,45.0, ,22.3, ,0.0,F,999.9,0
12300099999,2020-03-25,52.75,15.2833333,73.0,"GORZOW WLKP, PL",37.7,24,12.9,24,1034.6,24,25.1,24,15.2,24,6.2,24,9.7,999.9,48.9, ,26.4, ,0.0,F,999.9,0
12300099999,2020-03-26,52.75,15.2833333,73.0,"GORZOW WLKP, PL",40.8,24,17.9,24,1029.7,24,20.4,24,12.7,24,6.2,24,7.8,999.9,50.7, ,29.3, ,0.0,F,999.9,0
12300099999,2020-03-27,52.75,15.2833333,73.0,"GORZOW WLKP, PL",47.2,24,25.9,24,1024.0,24,14.8,24,8.0,24,4.4,24,7.8,999.9,57.9, ,39.2,*,0.0,F,999.9,0
12300099999,2020-03-28,52.75,15.2833333,73.0,"GORZOW WLKP, PL",44.8,24,31.1,24,1018.0,24,8.8,24,6.4,24,6.3,24,11.7,999.9,57.7, ,32.2, ,0.0,F,999.9,0
12300099999,2020-03-29,52.75,15.2833333,73.0,"GORZOW WLKP, PL",37.0,24,30.1,24,1021.5,24,12.1,24,16.3,24,9.1,24,13.6,999.9,49.6, ,28.8,*,0.04,F,999.9,11000
12300099999,2020-03-30,52.75,15.2833333,73.0,"GORZOW WLKP, PL",33.5,24,22.5,24,1026.0,24,16.6,24,27.3,24,6.8,24,11.7,999.9,42.1, ,24.1, ,0.0,F,999.9,11100
12300099999,2020-03-31,52.75,15.2833333,73.0,"GORZOW WLKP, PL",33.8,24,21.3,24,1028.7,24,19.3,24,30.3,24,6.5,24,9.7,999.9,40.5, ,27.7,*,0.0,G,999.9,11000
12300099999,2020-04-01,52.75,15.2833333,73.0,"GORZOW WLKP, PL",38.6,24,23.1,24,1019.2,24,10.0,24,25.0,24,7.3,24,9.7,999.9,47.5, ,25.9, ,0.0,G,999.9,0
12300099999,2020-04-02,52.75,15.2833333,73.0,"GORZOW WLKP, PL",42.6,24,29.5,24,1009.8,24,0.7,24,25.4,24,6.5,24,9.7,999.9,47.8, ,37.6, ,0.0,F,999.9,0
12300099999,2020-04-03,52.75,15.2833333,73.0,"GORZOW WLKP, PL",43.9,24,28.7,24,1011.5,24,2.4,24,27.1,24,8.3,24,13.6,999.9,52.0, ,36.0, ,0.0,F,999.9,11000
12300099999,2020-04-04,52.75,15.2833333,73.0,"GORZOW WLKP, PL",43.2,24,26.7,24,1025.9,24,16.7,24,29.1,24,3.6,24,7.8,999.9,53.2, ,33.3, ,0.0,F,999.9,0
12300099999,2020-04-05,52.75,15.2833333,73.0,"GORZOW WLKP, PL",47.5,24,25.7,24,1031.3,24,22.1,24,24.9,24,5.2,24,9.7,999.9,59.2, ,34.9, ,0.0,F,999.9,0
12300099999,2020-04-06,52.75,15.2833333,73.0,"GORZOW WLKP, PL",54.8,23,27.5,23,1026.2,23,17.2,23,16.8,23,5.7,23,9.7,999.9,70.2, ,37.8, ,0.0,F,999.9,0
12300099999,2020-04-07,52.75,15.2833333,73.0,"GORZOW WLKP, PL",54.9,24,35.4,24,1029.9,24,20.8,24,21.1,24,5.2,24,9.7,999.9,67.6, ,43.7,*,0.0,F,999.9,0
12300099999,2020-04-08,52.75,15.2833333,73.0,"GORZOW WLKP, PL",54.3,23,36.2,23,1028.1,23,19.0,23,18.8,23,2.8,23,5.8,999.9,70.2, ,35.6, ,0.0,F,999.9,0
12300099999,2020-04-09,52.75,15.2833333,73.0,"GORZOW WLKP, PL",52.4,24,38.5,24,1022.4,24,13.4,24,19.1,24,6.2,24,11.7,999.9,63.1, ,42.3,*,0.0,F,999.9,0
12300099999,2020-04-10,52.75,15.2833333,73.0,"GORZOW WLKP, PL",47.4,24,29.9,24,1025.8,24,16.7,24,23.6,24,4.0,24,5.8,999.9,58.6, ,33.3, ,0.0,F,999.9,0
12300099999,2020-04-11,52.75,15.2833333,73.0,"GORZOW WLKP, PL",48.0,24,29.8,24,1026.3,24,17.1,24,25.2,24,2.9,24,3.9,999.9,59.4, ,34.2, ,0.0,F,999.9,0
12300099999,2020-04-12,52.75,15.2833333,73.0,"GORZOW WLKP, PL",56.4,24,33.4,24,1015.5,24,6.6,24,23.3,24,3.2,24,5.8,999.9,71.8, ,39.4, ,0.0,F,999.9,10000
12300099999,2020-04-13,52.75,15.2833333,73.0,"GORZOW WLKP, PL",45.1,24,31.2,24,1012.5,24,3.4,24,20.7,24,7.2,24,15.5,999.9,64.8, ,35.2,*,0.03,G,999.9,10100
12300099999,2020-04-14,52.75,15.2833333,73.0,"GORZOW WLKP, PL",41.0,24,23.7,24,1019.7,24,10.4,24,23.7,24,6.9,24,11.7,999.9,49.8, ,31.6, ,0.0,G,999.9,10000
12300099999,2020-04-15,52.75,15.2833333,73.0,"GORZOW WLKP, PL",47.0,24,32.5,24,1019.8,24,10.6,24,24.7,24,8.0,24,11.7,999.9,56.7, ,35.8, ,0.0,F,999.9,0
12300099999,2020-04-16,52.75,15.2833333,73.0,"GORZOW WLKP, PL",51.2,24,36.5,24,1015.8,24,6.7,24,24.2,24,5.9,24,9.7,999.9,63.7, ,39.6, ,0.0,F,999.9,0
12300099999,2020-04-17,52.75,15.2833333,73.0,"GORZOW WLKP, PL",50.2,24,29.3,24,1018.0,24,8.9,24,22.9,24,4.6,23,7.8,999.9,59.7, ,38.5, ,0.0,F,999.9,0
12300099999,2020-04-18,52.75,15.2833333,73.0,"GORZOW WLKP, PL",48.8,24,21.4,24,1019.3,24,10.2,24,29.0,24,4.6,24,7.8,999.9,60.3, ,33.8, ,0.0,F,999.9,0
12300099999,2020-04-19,52.75,15.2833333,73.0,"GORZOW WLKP, PL",46.3,24,24.5,24,1023.3,24,14.2,24,31.1,24,6.1,24,9.7,999.9,55.8, ,36.0, ,0.0,F,999.9,0
12300099999,2020-04-20,52.75,15.2833333,73.0,"GORZOW WLKP, PL",47.0,24,29.1,24,1027.3,24,18.1,24,29.0,24,5.9,24,9.7,999.9,58.3, ,33.6, ,0.0,F,999.9,0
12300099999,2020-04-21,52.75,15.2833333,73.0,"GORZOW WLKP, PL",50.8,24,30.3,24,1027.5,24,18.4,24,29.0,24,7.2,24,9.7,999.9,61.9, ,37.4, ,0.0,F,999.9,0
12300099999,2020-04-22,52.75,15.2833333,73.0,"GORZOW WLKP, PL",52.9,24,34.4,24,1026.9,24,17.8,24,29.5,24,4.5,24,7.8,999.9,64.6, ,39.7, ,0.0,F,999.9,0
12300099999,2020-04-23,52.75,15.2833333,73.0,"GORZOW WLKP, PL",56.4,24,34.0,24,1022.2,24,13.3,24,24.1,24,3.2,24,5.8,999.9,69.3, ,40.5, ,0.0,F,999.9,0
12300099999,2020-04-24,52.75,15.2833333,73.0,"GORZOW WLKP, PL",56.6,23,35.8,23,1007.9,23,999.0,23,23.4,23,4.5,23,9.7,999.9,71.2, ,43.9, ,0.0,F,999.9,0
12300099999,2020-04-25,52.75,15.2833333,73.0,"GORZOW WLKP, PL",51.0,24,35.1,24,1008.5,24,999.5,24,20.3,24,6.2,24,9.7,999.9,62.6, ,46.0, ,0.0,G,999.9,10000
12300099999,2020-04-26,52.75,15.2833333,73.0,"GORZOW WLKP, PL",51.8,24,32.2,24,1011.1,24,2.1,24,28.1,24,4.0,23,7.8,999.9,60.3, ,42.6, ,0.0,F,999.9,0
12300099999,2020-04-27,52.75,15.2833333,73.0,"GORZOW WLKP, PL",57.3,24,33.5,24,1008.5,24,999.7,24,29.8,24,4.0,24,9.7,999.9,70.0, ,39.7, ,0.0,F,999.9,0
12300099999,2020-04-28,52.75,15.2833333,73.0,"GORZOW WLKP, PL",59.7,24,39.4,24,1003.9,24,995.2,24,17.9,24,5.6,24,9.7,999.9,73.6, ,45.9, ,0.0,F,999.9,10000
12300099999,2020-04-29,52.75,15.2833333,73.0,"GORZOW WLKP, PL",49.2,24,45.0,24,1005.6,24,996.6,24,8.4,24,4.0,24,5.8,999.9,61.2, ,46.9, ,0.18,G,999.9,10000
12300099999,2020-04-30,52.75,15.2833333,73.0,"GORZOW WLKP, PL",55.3,24,46.0,24,1005.2,24,996.4,24,21.0,24,3.6,24,5.8,999.9,67.8, ,44.4, ,0.01,G,999.9,10000
12300099999,2020-05-01,52.75,15.2833333,73.0,"GORZOW WLKP, PL",56.4,24,42.5,24,1002.0,24,993.2,24,30.6,24,4.5,24,7.8,999.9,64.9, ,49.6,*,0.01,G,999.9,10000
12300099999,2020-05-02,52.75,15.2833333,73.0,"GORZOW WLKP, PL",52.0,24,42.1,24,1005.0,24,996.1,24,28.2,24,5.6,24,11.7,999.9,62.8, ,44.8, ,0.0,G,999.9,10000
12300099999,2020-05-03,52.75,15.2833333,73.0,"GORZOW WLKP, PL",51.3,24,40.5,24,1014.9,24,5.9,24,28.7,24,5.6,24,7.8,999.9,58.5, ,46.0, ,0.0,G,999.9,10000
12300099999,2020-05-04,52.75,15.2833333,73.0,"GORZOW WLKP, PL",49.5,24,42.7,24,1016.6,24,7.6,24,18.5,24,4.3,24,9.7,999.9,60.4, ,44.1,*,0.0,G,999.9,10000
12300099999,2020-05-05,52.75,15.2833333,73.0,"GORZOW WLKP, PL",45.7,24,35.8,24,1017.0,24,7.9,24,19.9,24,7.3,24,9.7,999.9,52.9, ,38.3, ,0.08,G,999.9,10000
12300099999,2020-05-06,52.75,15.2833333,73.0,"GORZOW WLKP, PL",52.1,24,35.6,24,1019.6,24,10.5,24,24.7,24,7.4,24,11.7,999.9,61.0, ,42.1, ,0.02,G,999.9,10000
12300099999,2020-05-07,52.75,15.2833333,73.0,"GORZOW WLKP, PL",50.9,24,39.1,24,1020.8,24,11.8,24,26.7,24,5.3,24,7.8,999.9,58.8, ,44.2, ,0.0,G,999.9,0
12300099999,2020-05-08,52.75,15.2833333,73.0,"GORZOW WLKP, PL",56.1,24,35.4,24,1017.7,24,8.7,24,21.7,24,5.1,24,9.7,999.9,70.0, ,40.3, ,0.0,F,999.9,100000
12300099999,2020-05-09,52.75,15.2833333,73.0,"GORZOW WLKP, PL",59.4,24,40.3,24,1015.4,24,6.5,24,27.4,24,3.5,20,5.8,999.9,70.7, ,43.3, ,0.0,F,999.9,0
12300099999,2020-05-10,52.75,15.2833333,73.0,"GORZOW WLKP, PL",64.6,24,46.5,24,1006.6,24,997.8,24,24.1,24,4.5,24,5.8,999.9,77.0, ,49.1, ,0.0,H,999.9,10000
12300099999,2020-05-11,52.75,15.2833333,73.0,"GORZOW WLKP, PL",45.6,24,42.9,24,1005.6,24,996.6,24,13.6,24,7.5,24,11.7,999.9,70.5, ,37.4,*,0.02,G,999.9,10000
12300099999,2020-05-12,52.75,15.2833333,73.0,"GORZOW WLKP, PL",44.7,24,31.9,24,1014.5,24,5.4,24,24.1,24,5.9,24,9.7,999.9,52.7, ,35.8, ,0.39,G,999.9,10000
12300099999,2020-05-13,52.75,15.2833333,73.0,"GORZOW WLKP, PL",47.4,23,35.6,23,1013.0,23,3.9,23,23.8,23,4.9,23,7.8,999.9,57.0, ,39.9, ,0.0,G,999.9,10000
12300099999,2020-05-14,52.75,15.2833333,73.0,"GORZOW WLKP, PL",47.3,24,34.6,24,1016.8,24,7.7,24,28.2,24,4.9,24,7.8,999.9,56.7, ,39.6, ,0.06,G,999.9,10000
12300099999,2020-05-15,52.75,15.2833333,73.0,"GORZOW WLKP, PL",49.8,24,31.6,24,1018.1,24,9.0,24,25.6,24,4.8,23,7.8,999.9,60.1, ,33.6, ,0.0,G,999.9,100000
12300099999,2020-05-16,52.75,15.2833333,73.0,"GORZOW WLKP, PL",52.6,24,36.0,24,1019.9,24,10.8,24,27.6,24,7.0,24,9.7,999.9,59.9, ,46.4, ,0.0,F,999.9,0
12300099999,2020-05-17,52.75,15.2833333,73.0,"GORZOW WLKP, PL",55.0,24,37.8,24,1019.7,24,10.8,24,27.2,24,6.3,24,9.7,999.9,63.7, ,45.5, ,0.02,G,999.9,10000
12300099999,2020-05-18,52.75,15.2833333,73.0,"GORZOW WLKP, PL",59.5,24,43.0,24,1019.9,24,11.0,24,23.6,24,5.5,24,9.7,999.9,66.0, ,50.7, ,0.0,G,999.9,10000
12300099999,2020-05-19,52.75,15.2833333,73.0,"GORZOW WLKP, PL",58.2,24,47.4,24,1018.7,24,9.8,24,24.9,24,6.1,24,11.7,999.9,65.1, ,48.2,*,0.0,G,999.9,10000
12300099999,2020-05-20,52.75,15.2833333,73.0,"GORZOW WLKP, PL",54.7,24,39.4,24,1022.0,24,13.0,24,26.7,24,5.0,24,7.8,999.9,64.4, ,43.0, ,0.0,G,999.9,100000
12300099999,2020-05-21,52.75,15.2833333,73.0,"GORZOW WLKP, PL",56.5,24,34.1,24,1024.8,24,15.8,24,29.4,24,3.6,24,5.8,999.9,66.2, ,45.5, ,0.0,F,999.9,0
12300099999,2020-05-22,52.75,15.2833333,73.0,"GORZOW WLKP, PL",57.6,24,33.6,24,1023.4,24,14.4,24,29.3,24,5.2,24,7.8,999.9,68.0, ,43.9, ,0.0,F,999.9,10000
12300099999,2020-05-23,52.75,15.2833333,73.0,"GORZOW WLKP, PL",53.6,24,48.6,24,1019.9,24,10.9,24,11.6,24,4.3,22,7.8,999.9,61.9, ,46.8, ,0.07,G,999.9,10000
12300099999,2020-05-24,52.75,15.2833333,73.0,"GORZOW WLKP, PL",52.9,24,46.5,24,1022.8,24,13.8,24,13.4,24,5.6,24,11.7,999.9,61.5, ,45.0, ,0.09,G,999.9,10010
12300099999,2020-05-25,52.75,15.2833333,73.0,"GORZOW WLKP, PL",53.1,24,47.7,24,1026.4,24,17.4,24,16.7,24,6.1,24,9.7,999.9,59.0, ,48.6,*,0.36,G,999.9,10000
12300099999,2020-05-26,52.75,15.2833333,73.0,"GORZOW WLKP, PL",55.7,24,44.5,24,1033.4,24,24.3,24,21.9,24,5.1,24,7.8,999.9,66.4, ,44.8, ,0.02,G,999.9,100000
12300099999,2020-05-27,52.75,15.2833333,73.0,"GORZOW WLKP, PL",59.9,24,41.6,24,1031.2,24,22.2,24,21.5,24,4.6,23,9.7,999.9,70.2, ,45.0, ,0.0,G,999.9,10000
12300099999,2020-05-28,52.75,15.2833333,73.0,"GORZOW WLKP, PL",57.5,24,44.2,24,1028.3,24,19.2,24,26.9,24,6.8,24,11.7,999.9,68.0, ,49.1,*,0.0,G,999.9,10000
12300099999,2020-05-29,52.75,15.2833333,73.0,"GORZOW WLKP, PL",56.2,24,38.4,24,1027.9,24,18.9,24,30.4,24,6.2,24,9.7,999.9,65.5, ,44.4, ,0.01,G,999.9,0
12300099999,2020-05-30,52.75,15.2833333,73.0,"GORZOW WLKP, PL",55.6,24,39.6,24,1023.3,24,14.3,24,31.1,24,6.8,24,9.7,999.9,64.9, ,44.6, ,0.0,G,999.9,0
12300099999,2020-05-31,52.75,15.2833333,73.0,"GORZOW WLKP, PL",60.9,24,44.8,24,1020.0,24,11.1,24,24.2,24,8.3,24,11.7,999.9,74.3, ,48.9, ,0.0,G,999.9,10000
12300099999,2020-06-01,52.75,15.2833333,73.0,"GORZOW WLKP, PL",62.1,24,40.7,24,1022.6,24,13.7,24,30.8,24,6.9,24,9.7,999.9,74.1, ,48.0, ,0.0,F,999.9,0
12300099999,2020-06-02,52.75,15.2833333,73.0,"GORZOW WLKP, PL",63.0,24,46.2,24,1015.6,24,6.8,24,27.4,24,6.3,24,11.7,999.9,77.2, ,50.2, ,0.04,F,999.9,10000
12300099999,2020-06-03,52.75,15.2833333,73.0,"GORZOW WLKP, PL",60.9,24,39.3,24,1006.5,24,997.7,24,31.1,24,3.2,24,3.9,999.9,72.1, ,45.7, ,0.0,F,999.9,0
12300099999,2020-06-04,52.75,15.2833333,73.0,"GORZOW WLKP, PL",63.3,22,43.1,22,997.2,22,988.5,22,21.3,22,5.4,22,9.7,999.9,74.3, ,49.8, ,0.0,H,999.9,10000
12300099999,2020-06-05,52.75,15.2833333,73.0,"GORZOW WLKP, PL",59.2,24,50.3,24,994.6,24,985.9,24,21.1,24,5.3,24,7.8,999.9,68.4, ,55.4,*,0.23,G,999.9,10000
12300099999,2020-06-06,52.75,15.2833333,73.0,"GORZOW WLKP, PL",58.2,24,42.8,24,1002.5,24,993.7,24,30.9,24,5.6,24,9.7,999.9,67.8, ,48.6, ,0.03,G,999.9,10000
12300099999,2020-06-07,52.75,15.2833333,73.0,"GORZOW WLKP, PL",58.0,24,49.9,24,1008.3,24,999.5,24,20.3,24,3.1,24,5.8,999.9,65.5, ,49.3, ,0.0,G,999.9,10000
12300099999,2020-06-08,52.75,15.2833333,73.0,"GORZOW WLKP, PL",61.6,24,47.5,24,1013.1,24,4.3,24,22.5,24,4.5,24,5.8,999.9,71.2, ,54.7, ,0.08,G,999.9,10000
12300099999,2020-06-09,52.75,15.2833333,73.0,"GORZOW WLKP, PL",62.7,24,47.7,24,1016.0,24,7.2,24,26.3,24,4.5,24,7.8,999.9,72.5, ,50.7, ,0.0,G,999.9,100000
12300099999,2020-06-10,52.75,15.2833333,73.0,"GORZOW WLKP, PL",60.8,24,51.0,24,1013.9,24,5.0,24,25.1,24,5.1,24,7.8,999.9,68.2, ,53.1, ,0.0,F,999.9,10000
12300099999,2020-06-11,52.75,15.2833333,73.0,"GORZOW WLKP, PL",65.2,24,59.5,24,1010.7,24,1.9,24,12.1,24,4.1,24,5.8,999.9,73.6, ,58.6,*,0.05,G,999.9,0
12300099999,2020-06-12,52.75,15.2833333,73.0,"GORZOW WLKP, PL",70.5,24,60.2,24,1011.3,24,2.7,24,14.9,24,3.7,24,5.8,999.9,83.5, ,57.0, ,0.0,G,999.9,100000
12300099999,2020-06-13,52.75,15.2833333,73.0,"GORZOW WLKP, PL",72.5,24,64.9,24,1011.4,24,2.8,24,11.6,24,6.3,24,15.5,999.9,87.1, ,61.0, ,2.64,F,999.9,10110
12300099999,2020-06-14,52.75,15.2833333,73.0,"GORZOW WLKP, PL",68.8,24,52.7,24,1012.9,24,4.2,24,26.8,24,6.4,24,9.7,999.9,76.8, ,60.8,*,0.0,F,999.9,0
12300099999,2020-06-15,52.75,15.2833333,73.0,"GORZOW WLKP, PL",64.6,24,48.5,24,1014.8,24,6.0,24,30.2,24,4.5,23,5.8,999.9,72.5, ,54.1, ,0.0,F,999.9,0
12300099999,2020-06-16,52.75,15.2833333,73.0,"GORZOW WLKP, PL",68.2,24,51.4,24,1014.0,24,5.3,24,28.0,24,2.6,24,5.8,999.9,78.6, ,53.8, ,0.0,F,999.9,0
12300099999,2020-06-17,52.75,15.2833333,73.0,"GORZOW WLKP, PL",72.4,24,53.8,24,1011.2,24,2.5,24,26.4,24,3.5,23,5.8,999.9,82.2, ,58.6, ,0.0,F,999.9,0
12300099999,2020-06-18,52.75,15.2833333,73.0,"GORZOW WLKP, PL",66.7,24,57.9,24,1009.3,24,0.6,24,21.2,24,5.3,24,9.7,999.9,79.0, ,61.0,*,0.0,F,999.9,10000
12300099999,2020-06-19,52.75,15.2833333,73.0,"GORZOW WLKP, PL",61.9,24,58.8,24,1011.5,24,2.7,24,9.8,24,4.9,24,7.8,999.9,68.7, ,59.0, ,0.0,G,999.9,10000
12300099999,2020-06-20,52.75,15.2833333,73.0,"GORZOW WLKP, PL",61.5,24,60.1,24,1014.2,24,5.3,24,4.0,24,6.5,24,9.7,999.9,63.7, ,59.5,*,0.06,G,999.9,10000
12300099999,2020-06-21,52.75,15.2833333,73.0,"GORZOW WLKP, PL",61.1,24,59.9,24,1016.6,24,7.7,24,4.3,24,7.6,24,9.7,999.9,62.8, ,59.4, ,0.05,G,999.9,10000
12300099999,2020-06-22,52.75,15.2833333,73.0,"GORZOW WLKP, PL",67.8,24,54.1,24,1020.0,24,11.2,24,22.1,24,6.3,24,9.7,19.4,77.7, ,60.3,*,0.09,G,999.9,0
12300099999,2020-06-23,52.75,15.2833333,73.0,"GORZOW WLKP, PL",63.1,24,49.4,24,1024.1,24,15.2,24,28.5,24,5.7,24,7.8,999.9,72.1, ,55.4, ,0.0,G,999.9,0
12300099999,2020-06-24,52.75,15.2833333,73.0,"GORZOW WLKP, PL",65.7,24,55.8,24,1024.2,24,15.4,24,23.8,24,4.5,24,7.8,999.9,76.6, ,53.1, ,0.0,F,999.9,10000
12300099999,2020-06-25,52.75,15.2833333,73.0,"GORZOW WLKP, PL",71.0,24,58.7,24,1022.3,24,13.6,24,21.6,24,5.3,24,5.8,999.9,79.5, ,65.5,*,0.0,G,999.9,0
12300099999,2020-06-26,52.75,15.2833333,73.0,"GORZOW WLKP, PL",71.1,24,62.0,24,1016.2,24,7.5,24,15.3,24,5.7,24,9.7,999.9,84.0, ,61.7,*,0.0,G,999.9,10000
12300099999,2020-06-27,52.75,15.2833333,73.0,"GORZOW WLKP, PL",73.8,24,59.2,24,1010.4,24,1.8,24,15.5,24,3.4,24,7.8,999.9,85.5, ,61.2, ,0.0,G,999.9,110000
12300099999,2020-06-28,52.75,15.2833333,73.0,"GORZOW WLKP, PL",74.4,24,60.5,24,1011.6,24,3.0,24,24.9,24,5.2,24,7.8,999.9,85.6, ,67.1, ,0.0,G,999.9,10000
12300099999,2020-06-29,52.75,15.2833333,73.0,"GORZOW WLKP, PL",66.5,24,53.3,24,1010.9,24,2.2,24,28.0,24,3.9,23,9.7,999.9,75.9, ,57.9,*,0.01,G,999.9,10000
12300099999,2020-06-30,52.75,15.2833333,73.0,"GORZOW WLKP, PL",66.0,24,47.4,24,1008.0,24,999.3,24,29.9,24,6.7,24,11.7,999.9,74.7, ,54.5, ,0.0,G,999.9,0
12300099999,2020-07-01,52.75,15.2833333,73.0,"GORZOW WLKP, PL",65.0,24,57.2,24,1007.3,24,998.6,24,26.1,24,4.7,24,9.7,999.9,73.8, ,60.1, ,0.08,F,999.9,10010
12300099999,2020-07-02,52.75,15.2833333,73.0,"GORZOW WLKP, PL",68.0,24,55.9,24,1009.5,24,0.8,24,26.2,24,4.8,24,7.8,999.9,76.3, ,60.3, ,0.2,G,999.9,0
12300099999,2020-07-03,52.75,15.2833333,73.0,"GORZOW WLKP, PL",67.3,24,52.0,24,1014.2,24,5.4,24,27.7,24,5.8,23,9.7,999.9,74.7, ,59.7,*,0.0,G,999.9,10000
12300099999,2020-07-04,52.75,15.2833333,73.0,"GORZOW WLKP, PL",69.3,24,51.6,24,1014.3,24,5.6,24,25.2,24,5.7,24,11.7,999.9,79.3, ,54.9, ,0.0,F,999.9,10000
12300099999,2020-07-05,52.75,15.2833333,73.0,"GORZOW WLKP, PL",72.9,24,58.7,24,1009.6,24,1.0,24,30.3,24,6.8,24,11.7,999.9,82.0, ,66.0, ,0.0,G,999.9,10000
12300099999,2020-07-06,52.75,15.2833333,73.0,"GORZOW WLKP, PL",65.7,24,49.2,24,1009.8,24,1.1,24,24.3,24,8.2,24,11.7,999.9,78.6, ,57.2,*,0.05,G,999.9,10000
12300099999,2020-07-07,52.75,15.2833333,73.0,"GORZOW WLKP, PL",60.0,24,43.7,24,1016.5,24,7.6,24,27.1,24,6.8,24,9.7,999.9,68.4, ,50.7, ,0.0,G,999.9,10000
12300099999,2020-07-08,52.75,15.2833333,73.0,"GORZOW WLKP, PL",57.7,24,50.0,24,1015.2,24,6.3,24,23.0,24,4.9,24,7.8,999.9,64.9, ,52.2,*,0.07,G,999.9,10000
12300099999,2020-07-09,52.75,15.2833333,73.0,"GORZOW WLKP, PL",60.0,24,56.2,24,1013.9,24,5.1,24,10.0,24,4.0,24,5.8,999.9,68.0, ,50.9, ,0.0,G,999.9,110000
12300099999,2020-07-10,52.75,15.2833333,73.0,"GORZOW WLKP, PL",64.9,24,59.7,24,1010.0,24,1.3,24,20.7,24,4.9,24,11.7,999.9,76.8, ,55.0,*,0.32,G,999.9,10010
12300099999,2020-07-11,52.75,15.2833333,73.0,"GORZOW WLKP, PL",60.0,24,45.3,24,1021.3,24,12.4,24,27.2,24,5.3,24,7.8,999.9,68.0, ,52.5, ,0.67,G,999.9,0
12300099999,2020-07-12,52.75,15.2833333,73.0,"GORZOW WLKP, PL",60.4,24,45.1,24,1025.6,24,16.7,24,29.3,24,5.1,24,7.8,999.9,69.8, ,48.7, ,0.0,G,999.9,0
12300099999,2020-07-13,52.75,15.2833333,73.0,"GORZOW WLKP, PL",64.8,24,47.0,24,1022.9,24,14.1,24,30.9,24,4.0,23,5.8,999.9,74.1, ,56.3, ,0.0,F,999.9,0
12300099999,2020-07-14,52.75,15.2833333,73.0,"GORZOW WLKP, PL",69.2,24,46.9,24,1015.1,24,6.4,24,30.4,24,3.8,24,7.8,999.9,81.0, ,53.1, ,0.0,F,999.9,0
12300099999,2020-07-15,52.75,15.2833333,73.0,"GORZOW WLKP, PL",65.6,24,52.9,24,1011.3,24,2.6,24,19.7,24,5.5,23,11.7,999.9,78.3, ,57.6,*,0.01,F,999.9,10000
12300099999,2020-07-16,52.75,15.2833333,73.0,"GORZOW WLKP, PL",59.2,24,53.4,24,1014.7,24,5.8,24,20.3,24,4.0,24,5.8,999.9,66.2, ,54.3, ,0.09,G,999.9,10010
12300099999,2020-07-17,52.75,15.2833333,73.0,"GORZOW WLKP, PL",61.6,24,54.2,24,1018.1,24,9.2,24,23.5,24,3.2,24,3.9,999.9,69.8, ,50.9, ,0.23,G,999.9,0
12300099999,2020-07-18,52.75,15.2833333,73.0,"GORZOW WLKP, PL",70.6,24,56.8,24,1019.0,24,10.3,24,22.6,24,3.1,24,3.9,999.9,81.3, ,57.9, ,0.0,G,999.9,0
12300099999,2020-07-19,52.75,15.2833333,73.0,"GORZOW WLKP, PL",73.5,24,58.7,24,1015.9,24,7.2,24,18.5,24,3.1,24,7.8,999.9,84.9, ,64.0, ,0.0,F,999.9,10010
12300099999,2020-07-20,52.75,15.2833333,73.0,"GORZOW WLKP, PL",67.6,24,59.3,24,1015.3,24,6.5,24,18.3,24,3.6,22,7.8,999.9,78.6, ,61.2,*,0.01,G,999.9,10010
12300099999,2020-07-21,52.75,15.2833333,73.0,"GORZOW WLKP, PL",63.1,24,46.3,24,1020.5,24,11.6,24,30.3,24,5.2,24,7.8,999.9,71.4, ,52.7, ,0.45,G,999.9,0
12300099999,2020-07-22,52.75,15.2833333,73.0,"GORZOW WLKP, PL",62.2,24,46.5,24,1020.9,24,12.1,24,26.7,24,4.2,24,5.8,999.9,70.5, ,54.0, ,0.0,G,999.9,0
12300099999,2020-07-23,52.75,15.2833333,73.0,"GORZOW WLKP, PL",62.9,24,46.2,24,1016.6,24,7.7,24,28.6,24,3.0,24,5.8,999.9,72.0, ,55.8, ,0.0,G,999.9,10000
12300099999,2020-07-24,52.75,15.2833333,73.0,"GORZOW WLKP, PL",67.8,24,49.4,24,1010.4,24,1.7,24,28.1,24,5.0,24,9.7,999.9,80.6, ,52.5, ,0.0,F,999.9,100000
12300099999,2020-07-25,52.75,15.2833333,73.0,"GORZOW WLKP, PL",67.6,24,53.4,24,1012.5,24,3.8,24,28.6,24,3.3,24,5.8,999.9,77.0, ,55.2, ,0.0,F,999.9,0
12300099999,2020-07-26,52.75,15.2833333,73.0,"GORZOW WLKP, PL",67.7,24,58.2,24,1011.6,24,2.9,24,20.1,24,4.2,23,7.8,999.9,79.0, ,60.4,*,0.02,F,999.9,110010
12300099999,2020-07-27,52.75,15.2833333,73.0,"GORZOW WLKP, PL",69.2,23,55.1,23,1016.3,23,7.5,23,21.2,23,2.6,23,3.9,999.9,78.4, ,56.5, ,0.0,F,999.9,110000
12300099999,2020-07-28,52.75,15.2833333,73.0,"GORZOW WLKP, PL",73.6,24,55.2,24,1009.5,24,0.9,24,28.7,24,6.0,24,11.7,999.9,83.1, ,63.7,*,0.0,G,999.9,10000
12300099999,2020-07-29,52.75,15.2833333,73.0,"GORZOW WLKP, PL",66.1,24,46.7,24,1016.7,24,7.9,24,29.0,24,6.3,24,9.7,999.9,77.5, ,57.7, ,0.0,G,999.9,0
12300099999,2020-07-30,52.75,15.2833333,73.0,"GORZOW WLKP, PL",63.5,24,44.7,24,1019.7,24,10.8,24,30.6,24,5.7,24,9.7,999.9,73.9, ,50.5, ,0.0,F,999.9,0
12300099999,2020-07-31,52.75,15.2833333,73.0,"GORZOW WLKP, PL",66.0,24,48.5,24,1018.4,24,9.6,24,27.1,24,5.2,24,7.8,999.9,77.9, ,52.7, ,0.0,F,999.9,0
12300099999,2020-08-01,52.75,15.2833333,73.0,"GORZOW WLKP, PL",67.7,24,51.1,24,1017.1,24,8.3,24,21.1,24,3.4,24,5.8,999.9,80.2, ,52.7, ,0.0,F,999.9,100000
12300099999,2020-08-02,52.75,15.2833333,73.0,"GORZOW WLKP, PL",68.4,24,56.6,24,1012.7,24,4.0,24,20.5,24,3.2,24,5.8,999.9,81.1, ,61.9, ,0.01,E,999.9,10000
12300099999,2020-08-03,52.75,15.2833333,73.0,"GORZOW WLKP, PL",63.9,24,57.7,24,1010.9,24,2.2,24,15.1,24,4.5,24,7.8,999.9,69.6, ,56.5,*,0.36,G,999.9,10000
12300099999,2020-08-04,52.75,15.2833333,73.0,"GORZOW WLKP, PL",63.0,24,48.6,24,1013.6,24,4.8,24,23.9,24,5.7,23,7.8,999.9,71.6, ,54.0, ,0.0,G,999.9,0
12300099999,2020-08-05,52.75,15.2833333,73.0,"GORZOW WLKP, PL",66.6,24,47.7,24,1019.8,24,11.0,24,30.3,24,3.2,24,5.8,999.9,77.5, ,52.3, ,0.0,F,999.9,0
12300099999,2020-08-06,52.75,15.2833333,73.0,"GORZOW WLKP, PL",71.8,24,51.4,24,1022.9,24,14.1,24,29.5,24,3.7,24,5.8,999.9,83.3, ,56.7, ,0.0,F,999.9,0
12300099999,2020-08-07,52.75,15.2833333,73.0,"GORZOW WLKP, PL",78.0,24,57.4,24,1022.4,24,13.7,24,21.7,24,4.6,24,7.8,999.9,90.5, ,64.6, ,0.0,F,999.9,0
12300099999,2020-08-08,52.75,15.2833333,73.0,"GORZOW WLKP, PL",80.8,24,59.3,24,1020.5,24,11.9,24,13.5,24,3.2,24,3.9,999.9,92.7, ,69.3, ,0.0,F,999.9,0
12300099999,2020-08-09,52.75,15.2833333,73.0,"GORZOW WLKP, PL",77.9,24,60.3,24,1018.5,24,9.9,24,17.8,24,3.5,24,9.7,999.9,92.1, ,69.1, ,0.0,F,999.9,10010
12300099999,2020-08-10,52.75,15.2833333,73.0,"GORZOW WLKP, PL",75.7,24,59.3,24,1018.4,24,9.8,24,17.2,24,4.3,24,7.8,999.9,88.9, ,64.2, ,0.0,G,999.9,0
12300099999,2020-08-11,52.75,15.2833333,73.0,"GORZOW WLKP, PL",74.8,24,57.1,24,1020.4,24,11.7,24,21.0,24,5.3,24,7.8,999.9,86.2, ,62.4, ,0.0,F,999.9,0
12300099999,2020-08-12,52.75,15.2833333,73.0,"GORZOW WLKP, PL",72.3,22,50.7,22,1020.4,22,11.7,22,23.9,22,5.2,22,7.8,999.9,84.2, ,59.2, ,0.0,F,999.9,0
12300099999,2020-08-13,52.75,15.2833333,73.0,"GORZOW WLKP, PL",74.5,24,47.5,24,1015.5,24,6.9,24,27.1,24,3.9,24,5.8,999.9,88.0, ,57.9, ,0.0,F,999.9,0
12300099999,2020-08-14,52.75,15.2833333,73.0,"GORZOW WLKP, PL",70.6,24,54.4,24,1013.7,24,5.1,24,18.2,24,2.7,23,3.9,999.9,81.1, ,63.9, ,0.0,F,999.9,0
12300099999,2020-08-15,52.75,15.2833333,73.0,"GORZOW WLKP, PL",74.6,24,56.3,24,1014.8,24,6.2,24,20.8,24,4.1,23,5.8,999.9,85.3, ,61.3, ,0.0,F,999.9,0
12300099999,2020-08-16,52.75,15.2833333,73.0,"GORZOW WLKP, PL",74.1,24,46.9,24,1015.3,24,6.7,24,24.9,24,4.6,24,9.7,999.9,85.5, ,61.7, ,0.0,F,999.9,0
12300099999,2020-08-17,52.75,15.2833333,73.0,"GORZOW WLKP, PL",72.5,24,53.5,24,1010.9,24,2.3,24,25.8,24,5.0,24,9.7,999.9,85.6, ,61.0, ,0.0,F,999.9,10
12300099999,2020-08-18,52.75,15.2833333,73.0,"GORZOW WLKP, PL",69.3,24,60.9,24,1008.5,24,999.8,24,14.3,24,4.0,24,9.7,999.9,82.0, ,61.7, ,0.75,F,999.9,10010
12300099999,2020-08-19,52.75,15.2833333,73.0,"GORZOW WLKP, PL",68.4,24,61.2,24,1009.9,24,1.2,24,13.0,24,4.9,24,7.8,999.9,77.4, ,64.0, ,0.11,F,999.9,10010
12300099999,2020-08-20,52.75,15.2833333,73.0,"GORZOW WLKP, PL",71.6,24,56.1,24,1011.8,24,3.2,24,20.3,24,2.9,23,3.9,999.9,84.4, ,56.7, ,0.0,F,999.9,100000
12300099999,2020-08-21,52.75,15.2833333,73.0,"GORZOW WLKP, PL",80.7,24,57.0,24,1011.7,24,3.2,24,30.7,24,4.2,24,7.8,999.9,93.4, ,65.5, ,0.0,F,999.9,10000
12300099999,2020-08-22,52.75,15.2833333,73.0,"GORZOW WLKP, PL",70.9,24,63.9,24,1013.0,24,4.3,24,22.4,24,4.2,24,7.8,999.9,85.1, ,63.9,*,0.0,G,999.9,10000
12300099999,2020-08-23,52.75,15.2833333,73.0,"GORZOW WLKP, PL",67.3,24,55.4,24,1013.3,24,4.6,24,23.6,24,5.4,24,11.7,999.9,77.7, ,59.0,*,0.14,G,999.9,100000
12300099999,2020-08-24,52.75,15.2833333,73.0,"GORZOW WLKP, PL",64.5,24,53.3,24,1013.5,24,4.8,24,27.1,24,4.9,24,7.8,999.9,73.2, ,56.7, ,0.0,G,999.9,10000
12300099999,2020-08-25,52.75,15.2833333,73.0,"GORZOW WLKP, PL",63.5,24,51.1,24,1011.8,24,3.1,24,27.1,24,4.1,24,7.8,999.9,72.9, ,54.7, ,0.03,G,999.9,10000
12300099999,2020-08-26,52.75,15.2833333,73.0,"GORZOW WLKP, PL",61.5,24,56.7,24,1003.8,24,995.0,24,19.3,24,7.0,24,11.7,999.9,69.3, ,58.8, ,0.2,G,999.9,10010
12300099999,2020-08-27,52.75,15.2833333,73.0,"GORZOW WLKP, PL",61.7,24,52.3,24,1010.4,24,1.6,24,28.0,24,8.7,24,15.5,999.9,64.8, ,56.8,*,0.29,G,999.9,10000
12300099999,2020-08-28,52.75,15.2833333,73.0,"GORZOW WLKP, PL",59.9,24,53.0,24,1006.6,24,997.8,24,20.9,24,4.1,24,7.8,999.9,68.9, ,51.4, ,0.0,G,999.9,10000
12300099999,2020-08-29,52.75,15.2833333,73.0,"GORZOW WLKP, PL",64.6,24,54.7,24,1004.9,24,996.3,24,30.0,24,4.1,24,7.8,999.9,73.4, ,59.4, ,0.06,G,999.9,10000
12300099999,2020-08-30,52.75,15.2833333,73.0,"GORZOW WLKP, PL",64.6,24,56.1,24,1008.2,24,999.4,24,21.3,24,3.7,24,5.8,999.9,72.1, ,59.5, ,0.0,G,999.9,10000
12300099999,2020-08-31,52.75,15.2833333,73.0,"GORZOW WLKP, PL",60.8,24,55.6,24,1013.9,24,5.0,24,19.9,24,5.0,24,7.8,999.9,68.5, ,53.1,*,0.78,G,999.9,10000
12300099999,2020-09-01,52.75,15.2833333,73.0,"GORZOW WLKP, PL",56.9,24,49.1,24,1017.3,24,8.3,24,29.0,24,5.3,24,7.8,999.9,63.7, ,49.1, ,0.06,G,999.9,0
12300099999,2020-09-02,52.75,15.2833333,73.0,"GORZOW WLKP, PL",57.5,24,52.4,24,1015.4,24,6.5,24,21.5,24,4.5,24,5.8,999.9,63.9, ,52.9, ,0.0,G,999.9,10000
12300099999,2020-09-03,52.75,15.2833333,73.0,"GORZOW WLKP, PL",62.3,24,52.5,24,1018.1,24,9.2,24,22.7,24,5.2,24,9.7,999.9,70.9, ,55.6, ,0.6,G,999.9,10000
12300099999,2020-09-04,52.75,15.2833333,73.0,"GORZOW WLKP, PL",63.1,24,58.3,24,1019.2,24,10.3,24,16.0,24,4.5,24,7.8,999.9,70.5, ,58.6, ,0.05,G,999.9,10000
12300099999,2020-09-05,52.75,15.2833333,73.0,"GORZOW WLKP, PL",60.0,24,55.8,24,1015.9,24,7.0,24,16.6,24,3.9,23,5.8,999.9,65.1, ,52.0,*,0.18,G,999.9,110000
12300099999,2020-09-06,52.75,15.2833333,73.0,"GORZOW WLKP, PL",57.8,24,47.3,24,1017.9,24,9.0,24,22.1,24,4.6,24,7.8,999.9,66.2, ,50.5,*,0.03,G,999.9,0
12300099999,2020-09-07,52.75,15.2833333,73.0,"GORZOW WLKP, PL",55.4,24,47.8,24,1022.6,24,13.6,24,24.3,24,3.7,24,5.8,999.9,66.0, ,45.0, ,0.0,G,999.9,110000
12300099999,2020-09-08,52.75,15.2833333,73.0,"GORZOW WLKP, PL",59.8,24,50.6,24,1023.7,24,14.7,24,24.2,24,5.8,24,11.7,999.9,71.1, ,46.4, ,0.0,G,999.9,0
12300099999,2020-09-09,52.75,15.2833333,73.0,"GORZOW WLKP, PL",65.3,24,57.5,24,1019.3,24,10.5,24,18.2,24,4.9,24,11.7,999.9,74.8, ,55.2, ,0.0,F,999.9,10000
12300099999,2020-09-10,52.75,15.2833333,73.0,"GORZOW WLKP, PL",58.2,24,48.9,24,1020.0,24,11.0,24,22.8,24,5.7,21,9.7,999.9,71.4, ,50.0,*,0.02,G,999.9,10000
12300099999,2020-09-11,52.75,15.2833333,73.0,"GORZOW WLKP, PL",57.8,24,44.9,24,1019.1,24,10.1,24,24.6,24,2.6,22,3.9,999.9,68.2, ,45.3, ,0.0,G,999.9,100000
12300099999,2020-09-12,52.75,15.2833333,73.0,"GORZOW WLKP, PL",63.3,24,50.6,24,1018.3,24,9.5,24,23.8,24,4.0,24,7.8,999.9,76.3, ,48.4, ,0.0,F,999.9,100000
12300099999,2020-09-13,52.75,15.2833333,73.0,"GORZOW WLKP, PL",63.4,24,51.8,24,1025.2,24,16.3,24,26.0,24,4.4,24,7.8,999.9,72.7, ,51.3, ,0.0,F,999.9,0
12300099999,2020-09-14,52.75,15.2833333,73.0,"GORZOW WLKP, PL",68.7,24,55.2,24,1027.4,24,18.6,24,17.0,24,2.8,24,3.9,999.9,82.6, ,54.3, ,0.0,F,999.9,100000
12300099999,2020-09-15,52.75,15.2833333,73.0,"GORZOW WLKP, PL",72.8,24,58.1,24,1022.4,24,13.7,24,17.7,24,3.6,24,5.8,999.9,85.5, ,60.4, ,0.0,F,999.9,0
12300099999,2020-09-16,52.75,15.2833333,73.0,"GORZOW WLKP, PL",71.0,24,57.9,24,1016.5,24,7.8,24,16.1,24,4.5,24,9.7,999.9,83.1, ,61.7, ,0.0,F,999.9,0
12300099999,2020-09-17,52.75,15.2833333,73.0,"GORZOW WLKP, PL",57.1,24,44.3,24,1026.9,24,17.9,24,28.2,24,6.0,24,9.7,999.9,73.8, ,46.8,*,0.0,F,999.9,0
12300099999,2020-09-18,52.75,15.2833333,73.0,"GORZOW WLKP, PL",53.5,24,41.5,24,1029.6,24,20.5,24,22.3,24,2.2,22,3.9,999.9,66.7, ,39.7, ,0.0,F,999.9,100000
12300099999,2020-09-19,52.75,15.2833333,73.0,"GORZOW WLKP, PL",55.2,24,40.5,24,1024.7,24,15.6,24,24.9,24,3.0,23,3.9,999.9,66.7, ,42.3, ,0.0,F,999.9,100000
12300099999,2020-09-20,52.75,15.2833333,73.0,"GORZOW WLKP, PL",58.5,24,43.2,24,1021.0,24,12.1,24,18.5,24,4.4,24,5.8,999.9,70.3, ,46.0, ,0.0,F,999.9,0
12300099999,2020-09-21,52.75,15.2833333,73.0,"GORZOW WLKP, PL",59.6,24,44.9,24,1018.5,24,9.6,24,18.7,24,2.8,24,3.9,999.9,73.4, ,45.1, ,0.0,F,999.9,0
12300099999,2020-09-22,52.75,15.2833333,73.0,"GORZOW WLKP, PL",65.0,24,50.9,24,1011.6,24,2.8,24,13.1,24,3.1,24,5.8,999.9,79.2, ,51.4, ,0.0,F,999.9,0
12300099999,2020-09-23,52.75,15.2833333,73.0,"GORZOW WLKP, PL",66.4,24,55.9,24,1005.7,24,997.0,24,8.8,24,3.3,24,5.8,999.9,80.6, ,56.3, ,0.08,F,999.9,10010
12300099999,2020-09-24,52.75,15.2833333,73.0,"GORZOW WLKP, PL",64.3,24,56.4,24,1004.6,24,995.8,24,12.9,24,3.8,24,7.8,999.9,74.3, ,56.8, ,0.01,F,999.9,100000
12300099999,2020-09-25,52.75,15.2833333,73.0,"GORZOW WLKP, PL",57.6,24,55.1,24,997.6,24,988.9,24,8.2,24,4.2,24,7.8,999.9,66.7, ,55.4, ,0.47,F,999.9,10000
12300099999,2020-09-26,52.75,15.2833333,73.0,"GORZOW WLKP, PL",54.5,24,52.8,24,993.8,24,985.0,24,9.3,24,7.0,24,11.7,999.9,63.9, ,49.6,*,0.43,F,999.9,10000
12300099999,2020-09-27,52.75,15.2833333,73.0,"GORZOW WLKP, PL",48.6,24,46.7,24,1004.8,24,995.8,24,13.6,24,3.6,24,5.8,999.9,52.0, ,45.7, ,0.39,F,999.9,10000
12300099999,2020-09-28,52.75,15.2833333,73.0,"GORZOW WLKP, PL",53.7,24,47.1,24,1012.9,24,4.0,24,21.7,24,3.3,24,5.8,999.9,62.6, ,44.4, ,0.08,F,999.9,100000
12300099999,2020-09-29,52.75,15.2833333,73.0,"GORZOW WLKP, PL",57.4,24,50.9,24,1015.4,24,6.5,24,22.4,24,4.4,24,5.8,999.9,64.6, ,52.9, ,0.0,F,999.9,0
12300099999,2020-09-30,52.75,15.2833333,73.0,"GORZOW WLKP, PL",54.9,24,51.5,24,1015.5,24,6.5,24,7.6,24,4.1,24,5.8,999.9,65.1, ,48.6, ,0.0,F,999.9,100000
12300099999,2020-10-01,52.75,15.2833333,73.0,"GORZOW WLKP, PL",55.0,24,51.9,24,1007.5,24,998.6,24,5.0,24,3.5,24,5.8,999.9,60.1, ,48.7, ,0.0,F,999.9,0
12300099999,2020-10-02,52.75,15.2833333,73.0,"GORZOW WLKP, PL",56.7,24,52.9,24,1003.5,24,994.7,24,6.4,24,5.7,24,7.8,999.9,62.8, ,53.6,*,0.03,G,999.9,10000
12300099999,2020-10-03,52.75,15.2833333,73.0,"GORZOW WLKP, PL",62.6,24,55.4,24,996.4,24,987.7,24,12.3,24,6.6,24,7.8,999.9,71.8, ,53.4, ,0.0,G,999.9,0
12300099999,2020-10-04,52.75,15.2833333,73.0,"GORZOW WLKP, PL",57.7,24,51.6,24,999.5,24,990.8,24,21.2,24,3.3,23,5.8,999.9,65.5, ,48.6,*,0.0,G,999.9,10000
12300099999,2020-10-05,52.75,15.2833333,73.0,"GORZOW WLKP, PL",54.1,24,49.9,24,1004.7,24,995.8,24,15.1,24,4.5,24,7.8,999.9,66.0, ,46.9, ,0.01,G,999.9,110000
12300099999,2020-10-06,52.75,15.2833333,73.0,"GORZOW WLKP, PL",54.3,24,48.5,24,1004.3,24,995.4,24,24.6,24,4.7,24,7.8,999.9,60.3, ,47.1, ,0.02,G,999.9,10000
12300099999,2020-10-07,52.75,15.2833333,73.0,"GORZOW WLKP, PL",54.9,24,49.3,24,1008.3,24,999.4,24,24.5,24,3.8,24,5.8,999.9,61.0, ,50.0,*,0.0,G,999.9,10000
12300099999,2020-10-08,52.75,15.2833333,73.0,"GORZOW WLKP, PL",53.9,24,48.3,24,1016.1,24,7.1,24,16.4,24,5.3,24,7.8,999.9,58.5, ,47.7, ,0.07,G,999.9,10000
12300099999,2020-10-09,52.75,15.2833333,73.0,"GORZOW WLKP, PL",56.1,24,50.2,24,1016.8,24,7.8,24,22.1,24,5.0,23,7.8,999.9,61.3, ,53.1,*,0.11,G,999.9,10000
12300099999,2020-10-10,52.75,15.2833333,73.0,"GORZOW WLKP, PL",51.7,24,47.8,24,1016.9,24,7.9,24,12.8,24,4.1,24,9.7,999.9,55.8, ,43.0,*,0.09,G,999.9,110000
12300099999,2020-10-11,52.75,15.2833333,73.0,"GORZOW WLKP, PL",44.6,24,39.8,24,1018.5,24,9.4,24,17.8,24,3.5,24,5.8,999.9,55.0, ,37.0, ,0.01,G,999.9,100000
12300099999,2020-10-12,52.75,15.2833333,73.0,"GORZOW WLKP, PL",45.6,24,42.4,24,1017.1,24,8.0,24,9.3,24,2.5,23,3.9,999.9,53.1, ,39.2, ,0.0,G,999.9,110000
12300099999,2020-10-13,52.75,15.2833333,73.0,"GORZOW WLKP, PL",44.6,24,42.3,24,1014.2,24,5.1,24,9.7,24,4.7,23,9.7,999.9,51.1,*,36.9, ,0.02,G,999.9,110000
12300099999,2020-10-14,52.75,15.2833333,73.0,"GORZOW WLKP, PL",48.7,24,47.0,24,1005.8,24,996.8,24,4.4,24,8.3,24,11.7,999.9,51.1, ,46.9, ,0.51,G,999.9,10000
12300099999,2020-10-15,52.75,15.2833333,73.0,"GORZOW WLKP, PL",50.9,24,48.5,24,1014.0,24,5.0,24,18.7,24,6.2,24,7.8,999.9,53.4, ,49.5, ,0.61,G,999.9,10000
12300099999,2020-10-16,52.75,15.2833333,73.0,"GORZOW WLKP, PL",48.9,24,45.0,24,1018.5,24,9.4,24,23.9,24,5.1,24,7.8,999.9,54.0, ,46.8, ,0.02,G,999.9,10000
12300099999,2020-10-17,52.75,15.2833333,73.0,"GORZOW WLKP, PL",46.5,24,40.4,24,1017.8,24,8.7,24,17.0,24,3.9,24,5.8,999.9,50.9, ,41.9, ,0.01,G,999.9,10000
12300099999,2020-10-18,52.75,15.2833333,73.0,"GORZOW WLKP, PL",45.8,24,42.4,24,1015.8,24,6.7,24,15.2,24,6.8,24,11.7,999.9,50.2, ,41.4,*,0.0,G,999.9,110000
12300099999,2020-10-19,52.75,15.2833333,73.0,"GORZOW WLKP, PL",44.5,24,40.2,24,1021.8,24,12.6,24,12.7,24,3.8,24,7.8,999.9,52.5, ,37.4, ,0.07,G,999.9,100000
12300099999,2020-10-20,52.75,15.2833333,73.0,"GORZOW WLKP, PL",46.0,23,42.0,23,1017.6,23,8.5,23,8.2,23,3.8,23,9.7,999.9,51.6, ,39.7, ,0.0,G,999.9,110000
12300099999,2020-10-21,52.75,15.2833333,73.0,"GORZOW WLKP, PL",52.0,24,47.1,24,1010.6,24,1.6,24,9.4,24,4.0,24,5.8,999.9,56.1, ,47.8, ,0.03,G,999.9,10000
12300099999,2020-10-22,52.75,15.2833333,73.0,"GORZOW WLKP, PL",57.9,24,50.4,24,1012.1,24,3.2,24,15.1,24,4.5,24,7.8,999.9,67.8, ,50.9, ,0.03,G,999.9,0
12300099999,2020-10-23,52.75,15.2833333,73.0,"GORZOW WLKP, PL",56.0,24,52.3,24,1011.5,24,2.6,24,9.0,24,3.7,22,5.8,999.9,62.4, ,50.5, ,0.0,G,999.9,110000
12300099999,2020-10-24,52.75,15.2833333,73.0,"GORZOW WLKP, PL",53.6,24,50.4,24,1013.2,24,4.2,24,11.8,24,4.0,24,9.7,999.9,60.3, ,48.4, ,0.67,G,999.9,110000
12300099999,2020-10-25,52.75,15.2833333,73.0,"GORZOW WLKP, PL",53.5,24,48.2,24,1009.8,24,0.9,24,14.5,24,4.3,24,7.8,999.9,64.0, ,46.2, ,0.0,G,999.9,100000
12300099999,2020-10-26,52.75,15.2833333,73.0,"GORZOW WLKP, PL",49.8,24,48.0,24,1004.8,24,995.8,24,4.5,24,3.3,24,5.8,999.9,54.3, ,46.2, ,0.0,F,999.9,100000
12300099999,2020-10-27,52.75,15.2833333,73.0,"GORZOW WLKP, PL",49.4,24,44.7,24,1009.5,24,0.5,24,20.7,24,3.9,24,5.8,999.9,54.0, ,45.0,*,0.0,E,999.9,0
12300099999,2020-10-28,52.75,15.2833333,73.0,"GORZOW WLKP, PL",47.4,24,43.1,24,1011.1,24,2.0,24,16.8,24,4.0,24,5.8,999.9,53.1, ,42.8, ,0.0,F,999.9,10000
12300099999,2020-10-29,52.75,15.2833333,73.0,"GORZOW WLKP, PL",48.7,24,43.7,24,1012.4,24,3.3,24,18.4,24,6.0,24,11.7,999.9,55.2, ,44.6, ,0.0,G,999.9,10000
12300099999,2020-10-30,52.75,15.2833333,73.0,"GORZOW WLKP, PL",47.8,24,46.5,24,1016.0,24,6.9,24,6.3,24,3.7,24,7.8,999.9,55.6,*,40.8, ,0.05,G,999.9,110000
12300099999,2020-10-31,52.75,15.2833333,73.0,"GORZOW WLKP, PL",50.5,24,49.9,24,1021.5,24,12.4,24,2.0,24,3.9,23,7.8,999.9,55.6, ,48.7, ,0.41,G,999.9,10000
12300099999,2020-11-01,52.75,15.2833333,73.0,"GORZOW WLKP, PL",51.9,24,50.7,24,1015.4,24,6.4,24,4.0,24,4.3,24,5.8,999.9,54.1, ,49.6, ,0.0,G,999.9,10000
12300099999,2020-11-02,52.75,15.2833333,73.0,"GORZOW WLKP, PL",59.0,24,57.5,24,1011.1,24,2.2,24,12.3,24,4.3,24,5.8,999.9,63.9, ,51.3, ,0.03,G,999.9,110000
12300099999,2020-11-03,52.75,15.2833333,73.0,"GORZOW WLKP, PL",54.0,24,47.4,24,1020.7,24,11.7,24,18.8,24,4.9,23,7.8,999.9,62.6, ,47.3,*,0.13,G,999.9,10000
12300099999,2020-11-04,52.75,15.2833333,73.0,"GORZOW WLKP, PL",46.9,24,41.0,24,1029.2,24,20.0,24,19.4,24,4.5,24,9.7,999.9,51.4, ,39.7,*,0.0,G,999.9,0
12300099999,2020-11-05,52.75,15.2833333,73.0,"GORZOW WLKP, PL",43.3,23,40.1,23,1034.9,23,25.6,23,11.1,23,5.6,23,7.8,999.9,49.8, ,36.7, ,0.0,H,999.9,110000
12300099999,2020-11-06,52.75,15.2833333,73.0,"GORZOW WLKP, PL",48.6,24,46.0,24,1032.9,24,23.7,24,6.2,24,5.5,24,7.8,999.9,50.5, ,46.4, ,0.0,G,999.9,10000
12300099999,2020-11-07,52.75,15.2833333,73.0,"GORZOW WLKP, PL",46.3,24,44.7,24,1029.2,24,19.9,24,2.0,24,4.0,24,5.8,999.9,50.7, ,44.1, ,0.02,G,999.9,110000
12300099999,2020-11-08,52.75,15.2833333,73.0,"GORZOW WLKP, PL",43.1,24,41.5,24,1026.8,24,17.5,24,1.6,24,3.1,24,3.9,999.9,45.7, ,40.6, ,0.0,G,999.9,100000
12300099999,2020-11-09,52.75,15.2833333,73.0,"GORZOW WLKP, PL",41.5,24,39.1,24,1029.5,24,20.2,24,2.1,24,5.1,24,5.8,999.9,43.9, ,40.5, ,0.0,F,999.9,0
12300099999,2020-11-10,52.75,15.2833333,73.0,"GORZOW WLKP, PL",41.9,24,39.0,24,1030.8,24,21.5,24,2.0,24,4.9,24,5.8,999.9,42.4,*,40.6, ,0.0,F,999.9,0
12300099999,2020-11-11,52.75,15.2833333,73.0,"GORZOW WLKP, PL",40.7,24,38.2,24,1028.1,24,18.8,24,3.9,24,3.9,24,5.8,999.9,42.4, ,39.9, ,0.0,F,999.9,10000
12300099999,2020-11-12,52.75,15.2833333,73.0,"GORZOW WLKP, PL",43.0,24,39.5,24,1022.2,24,13.0,24,6.9,24,4.3,24,5.8,999.9,46.8, ,40.3, ,0.0,G,999.9,0
12300099999,2020-11-13,52.75,15.2833333,73.0,"GORZOW WLKP, PL",43.4,24,41.5,24,1020.1,24,10.9,24,5.1,24,3.2,24,3.9,999.9,50.0, ,38.1, ,0.0,F,999.9,100000
12300099999,2020-11-14,52.75,15.2833333,73.0,"GORZOW WLKP, PL",48.2,24,46.5,24,1018.8,24,9.7,24,3.8,24,2.3,24,3.9,999.9,54.5, ,41.0, ,0.0,G,999.9,10000
12300099999,2020-11-15,52.75,15.2833333,73.0,"GORZOW WLKP, PL",49.6,24,43.3,24,1014.7,24,5.7,24,11.8,24,4.3,24,5.8,999.9,59.7, ,42.8,*,0.0,G,999.9,0
12300099999,2020-11-16,52.75,15.2833333,73.0,"GORZOW WLKP, PL",44.8,21,43.2,21,1013.2,21,4.1,21,9.5,21,4.0,21,5.8,999.9,50.0, ,39.7, ,0.04,G,999.9,10000
12300099999,2020-11-17,52.75,15.2833333,73.0,"GORZOW WLKP, PL",48.8,24,46.3,24,1022.9,24,13.8,24,14.2,24,5.3,24,7.8,999.9,52.2, ,45.9, ,0.1,G,999.9,10000
12300099999,2020-11-18,52.75,15.2833333,73.0,"GORZOW WLKP, PL",49.8,24,46.0,24,1023.9,24,14.8,24,11.6,24,4.2,24,5.8,999.9,54.0, ,44.6,*,0.08,G,999.9,0
12300099999,2020-11-19,52.75,15.2833333,73.0,"GORZOW WLKP, PL",46.5,24,40.2,24,1015.4,24,6.3,24,20.4,24,6.9,24,9.7,999.9,50.5, ,39.9,*,0.0,G,999.9,10000
12300099999,2020-11-20,52.75,15.2833333,73.0,"GORZOW WLKP, PL",37.2,24,32.0,24,1029.1,24,19.7,24,18.6,24,5.9,24,9.7,999.9,45.9, ,30.2,*,0.04,G,999.9,100000
12300099999,2020-11-21,52.75,15.2833333,73.0,"GORZOW WLKP, PL",37.3,24,32.4,24,1030.3,24,20.9,24,9.3,24,5.7,24,7.8,999.9,42.3, ,30.0, ,0.0,G,999.9,100000
12300099999,2020-11-22,52.75,15.2833333,73.0,"GORZOW WLKP, PL",43.2,24,38.3,24,1021.8,24,12.6,24,17.0,24,6.7,24,9.7,999.9,46.4, ,40.6,*,0.0,G,999.9,10000
12300099999,2020-11-23,52.75,15.2833333,73.0,"GORZOW WLKP, PL",42.0,24,38.1,24,1023.9,24,14.7,24,13.6,24,6.8,24,9.7,999.9,46.4, ,36.0,*,0.03,G,999.9,0
12300099999,2020-11-24,52.75,15.2833333,73.0,"GORZOW WLKP, PL",36.2,23,34.2,23,1025.6,23,16.2,23,7.3,23,4.1,23,5.8,999.9,43.7, ,30.9, ,0.0,G,999.9,100000
12300099999,2020-11-25,52.75,15.2833333,73.0,"GORZOW WLKP, PL",32.3,24,30.4,24,1021.1,24,11.7,24,2.2,24,2.8,24,5.8,999.9,40.3, ,27.9,*,0.01,G,999.9,100000
12300099999,2020-11-26,52.75,15.2833333,73.0,"GORZOW WLKP, PL",34.5,24,33.9,24,1020.3,24,10.9,24,1.3,24,4.4,24,7.8,999.9,40.6,*,27.1, ,0.0,G,999.9,110000
12300099999,2020-11-27,52.75,15.2833333,73.0,"GORZOW WLKP, PL",41.6,24,37.9,24,1022.2,24,12.9,24,13.1,24,3.5,24,5.8,999.9,43.2, ,39.0, ,0.01,G,999.9,100000
12300099999,2020-11-28,52.75,15.2833333,73.0,"GORZOW WLKP, PL",38.0,24,35.0,24,1024.8,24,15.5,24,9.7,24,4.1,24,5.8,999.9,41.9, ,35.4, ,0.0,G,999.9,10000
12300099999,2020-11-29,52.75,15.2833333,73.0,"GORZOW WLKP, PL",37.6,24,36.1,24,1024.8,24,15.5,24,11.5,24,6.4,24,7.8,999.9,39.7, ,35.6, ,0.0,G,999.9,10000
12300099999,2020-11-30,52.75,15.2833333,73.0,"GORZOW WLKP, PL",33.9,24,30.7,24,1023.6,24,14.2,24,10.7,24,4.3,24,5.8,999.9,38.5, ,31.8, ,0.01,G,999.9,0
12300099999,2020-12-01,52.75,15.2833333,73.0,"GORZOW WLKP, PL",34.4,24,30.8,24,1019.3,24,9.9,24,8.0,24,3.6,24,5.8,999.9,37.2, ,31.6, ,0.0,G,999.9,11000
12300099999,2020-12-02,52.75,15.2833333,73.0,"GORZOW WLKP, PL",31.4,24,28.5,24,1021.2,24,11.8,24,3.8,24,4.9,24,7.8,999.9,35.1, ,28.6,*,0.0,G,999.9,0
12300099999,2020-12-03,52.75,15.2833333,73.0,"GORZOW WLKP, PL",29.1,24,26.6,24,1009.2,24,999.9,24,2.8,24,6.3,24,7.8,999.9,31.8, ,27.1, ,0.01,F,999.9,1000
12300099999,2020-12-04,52.75,15.2833333,73.0,"GORZOW WLKP, PL",33.9,24,31.8,24,998.7,24,989.5,24,3.4,24,5.3,24,5.8,999.9,40.6, ,26.4, ,0.0,F,0.4,0
12300099999,2020-12-05,52.75,15.2833333,73.0,"GORZOW WLKP, PL",40.8,24,37.1,24,1002.4,24,993.3,24,10.1,24,4.9,24,7.8,999.9,50.0, ,33.1, ,0.0,F,999.9,0
12300099999,2020-12-06,52.75,15.2833333,73.0,"GORZOW WLKP, PL",46.6,24,40.1,24,1004.6,24,995.6,24,13.8,24,8.3,24,11.7,999.9,54.1, ,38.7, ,0.0,F,999.9,0
12300099999,2020-12-07,52.75,15.2833333,73.0,"GORZOW WLKP, PL",39.8,24,34.7,24,1005.1,24,996.0,24,8.9,24,8.0,24,11.7,999.9,48.6, ,37.0, ,0.0,F,999.9,10000
12300099999,2020-12-08,52.75,15.2833333,73.0,"GORZOW WLKP, PL",36.0,24,32.0,24,1009.8,24,0.6,24,5.1,24,6.5,24,7.8,999.9,41.0, ,33.8,*,0.0,G,999.9,0
12300099999,2020-12-09,52.75,15.2833333,73.0,"GORZOW WLKP, PL",31.8,24,29.0,24,1013.5,24,4.1,24,3.5,24,6.6,24,9.7,999.9,34.7, ,30.6,*,0.0,F,999.9,0
12300099999,2020-12-10,52.75,15.2833333,73.0,"GORZOW WLKP, PL",29.4,24,28.1,24,1011.1,24,1.7,24,1.9,24,4.9,24,7.8,999.9,31.3, ,28.8, ,0.0,H,999.9,10000
12300099999,2020-12-11,52.75,15.2833333,73.0,"GORZOW WLKP, PL",30.8,24,29.0,24,1006.0,24,996.7,24,2.3,24,4.5,24,5.8,999.9,34.5,*,28.2, ,0.0,G,999.9,10000
12300099999,2020-12-12,52.75,15.2833333,73.0,"GORZOW WLKP, PL",34.5,24,33.1,24,1004.2,24,995.0,24,1.9,24,5.3,24,7.8,999.9,35.4, ,32.0, ,0.0,F,999.9,0
12300099999,2020-12-13,52.75,15.2833333,73.0,"GORZOW WLKP, PL",36.2,24,35.7,24,1011.8,24,2.5,24,0.6,24,2.4,23,5.8,999.9,37.4, ,34.7, ,0.04,G,999.9,110000
12300099999,2020-12-14,52.75,15.2833333,73.0,"GORZOW WLKP, PL",39.3,24,38.3,24,1015.6,24,6.3,24,2.2,24,4.2,24,5.8,999.9,43.3, ,37.0, ,0.03,G,999.9,100000
12300099999,2020-12-15,52.75,15.2833333,73.0,"GORZOW WLKP, PL",36.8,24,34.8,24,1014.9,24,5.6,24,2.9,24,4.3,24,5.8,999.9,41.2,*,32.9, ,0.0,G,999.9,0
12300099999,2020-12-16,52.75,15.2833333,73.0,"GORZOW WLKP, PL",43.2,24,40.8,24,1021.1,24,11.9,24,7.0,24,3.2,22,5.8,999.9,45.5, ,37.6, ,0.0,G,999.9,10000
12300099999,2020-12-17,52.75,15.2833333,73.0,"GORZOW WLKP, PL",41.7,24,39.4,24,1022.1,24,12.9,24,3.4,24,5.7,24,7.8,999.9,43.3, ,40.8, ,0.0,G,999.9,10000
12300099999,2020-12-18,52.75,15.2833333,73.0,"GORZOW WLKP, PL",40.0,24,38.0,24,1025.0,24,15.7,24,4.1,24,4.0,24,5.8,999.9,46.4, ,34.5,*,0.02,G,999.9,110000
12300099999,2020-12-19,52.75,15.2833333,73.0,"GORZOW WLKP, PL",32.4,24,32.3,24,1023.2,24,13.8,24,0.3,24,5.2,24,7.8,999.9,38.7, ,30.2, ,0.0,G,999.9,100000
12300099999,2020-12-20,52.75,15.2833333,73.0,"GORZOW WLKP, PL",33.2,24,32.1,24,1023.1,24,13.7,24,2.7,24,5.2,24,7.8,999.9,39.2, ,30.4, ,0.01,G,999.9,100000
12300099999,2020-12-21,52.75,15.2833333,73.0,"GORZOW WLKP, PL",36.3,24,34.9,24,1022.3,24,13.0,24,5.6,24,3.2,24,3.9,999.9,43.7, ,31.5, ,0.01,G,999.9,10000
12300099999,2020-12-22,52.75,15.2833333,73.0,"GORZOW WLKP, PL",44.4,24,42.7,24,1010.6,24,1.5,24,10.8,24,6.6,24,11.7,999.9,53.6, ,33.8, ,0.15,G,999.9,10000
12300099999,2020-12-23,52.75,15.2833333,73.0,"GORZOW WLKP, PL",40.9,24,38.8,24,1012.7,24,3.5,24,7.9,24,3.1,24,5.8,999.9,51.6, ,35.4, ,0.28,G,999.9,110000
12300099999,2020-12-24,52.75,15.2833333,73.0,"GORZOW WLKP, PL",43.9,24,41.2,24,1003.9,24,994.8,24,17.9,24,7.3,24,11.7,999.9,50.2, ,38.5,*,0.28,G,999.9,110000
12300099999,2020-12-25,52.75,15.2833333,73.0,"GORZOW WLKP, PL",35.8,24,33.0,24,1016.0,24,6.7,24,22.9,24,5.3,24,5.8,999.9,39.4, ,33.8,*,0.05,G,999.9,10000
12300099999,2020-12-26,52.75,15.2833333,73.0,"GORZOW WLKP, PL",34.0,24,30.2,24,1019.0,24,9.7,24,21.1,24,5.8,24,7.8,999.9,36.9, ,30.9, ,0.0,G,999.9,0
12300099999,2020-12-27,52.75,15.2833333,73.0,"GORZOW WLKP, PL",33.3,24,23.9,24,1002.1,24,992.9,24,29.5,24,8.4,24,9.7,999.9,36.1, ,31.3, ,0.0,F,999.9,0
12300099999,2020-12-28,52.75,15.2833333,73.0,"GORZOW WLKP, PL",35.9,24,31.0,24,986.8,24,977.7,24,19.7,24,6.0,24,9.7,999.9,39.0, ,32.9, ,0.0,F,999.9,0
12300099999,2020-12-29,52.75,15.2833333,73.0,"GORZOW WLKP, PL",37.0,24,33.7,24,989.6,24,980.6,24,13.5,24,4.2,24,5.8,999.9,40.8, ,33.8, ,0.0,G,999.9,10000
12300099999,2020-12-30,52.75,15.2833333,73.0,"GORZOW WLKP, PL",35.1,24,30.1,24,1002.6,24,993.4,24,20.5,24,2.8,24,3.9,999.9,42.8, ,31.5, ,0.0,G,999.9,0
12300099999,2020-12-31,52.75,15.2833333,73.0,"GORZOW WLKP, PL",33.7,24,30.6,24,1007.1,24,997.8,24,13.5,24,3.0,24,3.9,999.9,40.8, ,31.1, ,0.0,F,999.9,0
